<Configuration>
<Add OfficeClientEdition="64" Channel="Current">
    <Product ID="Access2019Volume">
      <Language ID="en-US" />
      <Language ID="th-TH" />
      <ExcludeApp ID="OneDrive" />
    </Product>
</Add>
<Display Level="Full" AcceptEULA="TRUE" />
<Updates Enabled="TRUE" Channel="Current" />
</Configuration>
<!--  OInstallSetting Branch=1  -->
<!--  OInstallSetting Office=0  -->
<!--  OInstallSetting Arch=0  -->
<!--  OInstallSetting Redact=2  -->
<!--  OInstallSetting Product=1  -->
<!--  OInstallSetting UseODT=0  -->
<!--  OInstallSetting OnlineKMS=1  -->
<!--  OInstallSetting PATH=  -->
<!--  OInstallSetting Lang0=1  -->
